,86 results,,20%,,no sorting,,45%,,,,,,,,,,
Title,Ratings,Order,Guitar?,Title,Ratings,Order,Guitar?,,,,,,,,,,
'Tidy Sidebar',145,49,n,'Modest Guitar | Columns for Ultimate-Guitar',13,1,y,,,,,,,,,,
'Tidy Bookmarks',126,50,n,"""Best Bass Guitar VST's""",1,2,y,,,,,,,,,,
'TorGuard VPN Extension',60,99,,'Tab Scroller - Guitar Tab Auto Scroll',41,3,y,,,,,,,,,,
'VPN Master - Free HTTP and SOCKS Proxies',60,77,,'Guitar Tuner - Tune by Ear',49,4,y,,,,,,,,,,
'Free One Touch VPN',59,56,,'Geometry Dash Strategy Game - HTML5 Game',5,5,n,,,,,,,,,,
'Safum free VPN',59,13,,'Ultimate-Guitar No BS',7,6,y,,,,,,,,,,
'VPNCity - Fast & Unlimited VPN | Unblocker',58,48,,'Rolling Ball Unblocked',3,7,n,,,,,,,,,,
'VPN99 — fast secure VPN',54,135,,'Tab Manager - Manage tabs & windows by tree',24,8,n,,,,,,,,,,
"'Vytal - Spoof Timezone, Geolocation & Locale'",54,54,,'total guitar setup guide',0,9,y,,,,,,,,,,
'Guitar Tuner - Tune by Ear',49,4,y,'Cars Lightning Speed - Car Game',13,10,n,,,,,,,,,,
'Switcherry VPN',47,97,,'Tricky Craby Html5 Game',5,11,n,,,,,,,,,,
'Pangolin VPN',46,84,,'Grand Commander',0,12,n,,,,,,,,,,
'WiFi SpeedTest & Internet Connection Test',46,157,,'Safum free VPN',59,13,n,,,,,,,,,,
'Cute Cursors - Custom Cursor for Chrome',45,45,n,'Guitar Tabs for YouTube',4,13,y,,,,,,,,,,
'Free VPN for Chrome - VPN Proxy InsuredVPN',44,68,,'Standard Guitar Tuner',0,14,y,,,,,,,,,,
'CT Access',42,156,,'Candy Match 3 Puzzle Games',1,15,n,,,,,,,,,,
'Tab Scroller - Guitar Tab Auto Scroll',41,3,y,'Zombie Shooter Play',1,16,n,,,,,,,,,,
'K2VPN - Free Private Search VPN',40,121,,'Roblox Cursors',17,17,n,,,,,,,,,,
'Miao VPN - Free Back to China VPN',40,143,,'Google Guitar Fix',0,18,y,,,,,,,,,,
'Stels VPN - Free & Secure proxy',39,88,,'Mad Shark HTML 5 Game',0,19,n,,,,,,,,,,
'Tidy Bookmarks Tree',38,59,n,'Ultimate Guitar Randomiser',3,20,y,,,,,,,,,,
'BullVPN - VPN Proxy Unlock Website & Security',36,80,,'Garena Free Fire Wallpaper',1,21,,,,,,,,,,,
'Cosmo VPN',36,87,,'Play Along',5,22,,,,,,,,,,,
'YT Looper: Repeat Youtube videos in loop',36,63,n,'Black Jack Play Game',2,23,,,,,,,,,,,
'Text to Speech: Voice Reader TTS',35,55,n,'Dragon Ball Z Wallpaper',3,24,,,,,,,,,,,
'Free OpenVPN Server Finder',34,181,,'Roblox Wallpaper',1,25,,,,,,,,,,,
'Ghost VPN - Free VPN for Chrome',34,74,,'HueTab | Colors for Ultimate Guitar',2,26,,,,,,,,,,,
'Squid VPN - Hotspot VPN & Private Browser',34,82,,'Happy Chef Bubble Game',0,27,,,,,,,,,,,
'Turbo Max VPN - Fast VPN For Chrome',34,58,,'SongSearch',1,28,,,,,,,,,,,
'Muscle VPN',33,112,,'ugpiano',3,29,,,,,,,,,,,
"'Guru VPN & Proxy, VPN to Unblock any sites'",32,79,,'ChatGPT for Web Search',1,30,,,,,,,,,,,
'WeVPN: Fast & Secure VPN Proxy',31,137,,'Lumberjack River Game',1,31,,,,,,,,,,,
'Find Manual',30,48,n,'Guitarr Tunerr',3,32,,,,,,,,,,,
'Free VPN Proxy',28,91,,'Alfi Adventure Game',0,33,,,,,,,,,,,
'AdGuard VPN Beta',27,96,,'Link VPN',22,34,,,,,,,,,,,
'Freezen MateVPN Chrome',27,169,,'fret{notes}',2,34,,,,,,,,,,,
'Emoji Keyboard 2023 - for Chrome Browser',24,53,,'Summer Match 3 Game',0,35,,,,,,,,,,,
'GameEnable - Designed for Stadia™ & xCloud™',24,210,,'KANTAN Chord',4,36,,,,,,,,,,,
'ProxyFish',24,175,,'ugpdfs',0,37,,,,,,,,,,,
'Tab Manager - Manage tabs & windows by tree',24,8,n,'VPN Bridge',22,38,,,,,,,,,,,
'Easy Sender',23,187,,'Flip That Tab',2,38,,,,,,,,,,,
'GS Helper For Google Search Google Scholar',22,162,,'Guitar Solo Metronome',0,39,,,,,,,,,,,
'Link VPN',22,34,,'ChatGPT for Web Search Tab',1,40,,,,,,,,,,,
'Turbo VPN Plus- VPN For Chrome by HornVPN',22,81,,'UG Companion',1,41,,,,,,,,,,,
'VPN Bridge',22,38,,'Mason and Strings',0,42,,,,,,,,,,,
'Browser VPN - Free and unlimited VPN proxy',20,90,,'YouTabs',1,43,,,,,,,,,,,
'Change Mouse Pointer for Chrome',20,46,n,'UG2 Solfege',0,44,,,,,,,,,,,
'Jego - Safe VPN Proxy',20,85,,'Cute Cursors - Custom Cursor for Chrome',45,45,n,,,,,,,,,,
'Anonymous VPN - WebRTC leak prevent',19,131,,'Change Mouse Pointer for Chrome',20,46,n,,,,,,,,,,
'RyoVPN',19,119,,'Naruto Anime Cursors',8,47,n,,,,,,,,,,
'?????VPN',19,182,,'VPNCity - Fast & Unlimited VPN | Unblocker',58,48,,,,,,,,,,,
'Roblox Cursors',17,17,n,'Find Manual',30,48,n,,,,,,,,,,
"'VPNMAX, VPN & Proxy'",16,110,,'Tidy Sidebar',145,49,n,,,,,,,,,,
'?????????????? Instagram',16,138,,'Tidy Bookmarks',126,50,n,,,,,,,,,,
'FreyaVPN VPN Extension',15,150,,'Minecraft Cursors',3,51,,,,,,,,,,,
'HideU VPN',15,170,,'Voat - Reddit Comments on YouTube & Web Pages',10,52,n,,,,,,,,,,
'ChatGPT for WhatsApp',14,199,,'Emoji Keyboard 2023 - for Chrome Browser',24,53,,,,,,,,,,,
'Telleport - Best Free VPN',14,98,,"'Vytal - Spoof Timezone, Geolocation & Locale'",54,54,,,,,,,,,,,
'Unblocker for BBC iPlayer',14,211,,'Custom Cursor for Chrome™ - CUTE?',3,54,,,,,,,,,,,
'ZoogVPN - Free VPN for Chrome & Proxy',14,128,,'Text to Speech: Voice Reader TTS',35,55,n,,,,,,,,,,
'Cars Lightning Speed - Car Game',13,10,n,'Free One Touch VPN',59,56,,,,,,,,,,,
'Modest Guitar | Columns for Ultimate-Guitar',13,1,y,'Among Us Cursors',5,56,,,,,,,,,,,
'POE????????',13,166,,'Universal Keyword Planner box',5,57,,,,,,,,,,,
'VPNOnline Secure VPN as unlimited proxy',13,93,,'Turbo Max VPN - Fast VPN For Chrome',34,58,,,,,,,,,,,
'Browser VPN - Free Chrome VPN',12,89,,'WalmartHunt-Walmart Dropshipping Tools',9,58,n,,,,,,,,,,
'CactusVPN - VPN and Smart DNS services',12,113,,'Tidy Bookmarks Tree',38,59,n,,,,,,,,,,
'IPBurger Proxy & VPN',12,130,,'Haikyuu Anime Cursors',2,60,,,,,,,,,,,
'Stark VPN - Unlimited VPN Proxy',12,101,,'Roblox Wallpaper',1,61,,,,,,,,,,,
'?????????????? Youtube',12,134,,'OrinAyo',0,62,,,,,,,,,,,
'My Browser Vpn',11,94,,'YT Looper: Repeat Youtube videos in loop',36,63,n,,,,,,,,,,
'Trust.Zone VPN Proxy',11,102,,'FiveLoop',8,64,n,,,,,,,,,,
'ValeVPN Proxy',11,144,,'SHRED',1,65,,,,,,,,,,,
'Where Am I? - VPN Checker',11,204,,'Autoscroll Plus',3,66,,,,,,,,,,,
"""GeoSearch: 'VPN' for Google Search""",10,124,,'Chord Transposer',2,67,,,,,,,,,,,
'Expressvpn For PC -secure Vpn proxy',10,123,,'Free VPN for Chrome - VPN Proxy InsuredVPN',44,68,,,,,,,,,,,
'Free VPN For Chrome - HavenSurf VPN',10,106,,'Chord Dictionary',4,68,,,,,,,,,,,
'PaladinVPN - 100% Unlimited Free VPN Proxy',10,118,,'Visual Ex- Script for YouTube Looping',5,69,,,,,,,,,,,
'uVPN',10,168,,'Lyrics Scroller',0,70,,,,,,,,,,,
'Voat - Reddit Comments on YouTube & Web Pages',10,52,n,'Live Hero',4,71,,,,,,,,,,,
"'VPN unlimited, free VPN with private browsing'",10,104,,'Happy Birthday GIF',1,72,,,,,,,,,,,
'???????? - Limewhale VPN 2021',10,193,,'Elmore Pedal Utility',1,73,,,,,,,,,,,
'BlufVPN',9,209,,'Ghost VPN - Free VPN for Chrome',34,74,,,,,,,,,,,
'Pulpy VPN - Free Secure Website Unblocker',9,133,,'Ukulele Chords',0,74,,,,,,,,,,,
'WalmartHunt-Walmart Dropshipping Tools',9,58,n,'Tab Difficulty Predictor',0,75,,,,,,,,,,,
'ChatGPT for Google (No Ads)',8,177,,'Little Synth Piano',0,76,,,,,,,,,,,
'FiveLoop',8,64,n,'VPN Master - Free HTTP and SOCKS Proxies',60,77,,,,,,,,,,,
'Naruto Anime Cursors',8,47,n,'Lick Locker',0,77,,,,,,,,,,,
'VuzeVPN Proxy',8,163,,'ugtabdl',0,78,,,,,,,,,,,
'WA Self Sender - Free Messages Sender',8,172,,"'Guru VPN & Proxy, VPN to Unblock any sites'",32,79,,,,,,,,,,,
'Free VPN',7,111,,'Sharpify',0,79,,,,,,,,,,,
'Secure VPN Unblock website - SecurityInfinity',7,191,,'BullVPN - VPN Proxy Unlock Website & Security',36,80,,,,,,,,,,,
'Tempo VPN - Free and unlimited vpn proxy',7,116,,'UG-Scroller',0,80,,,,,,,,,,,
'Ultimate-Guitar No BS',7,6,y,'Turbo VPN Plus- VPN For Chrome by HornVPN',22,81,,,,,,,,,,,
'Colo-A simple VPN & Proxy extension',6,196,,'Spotify2Tabs',0,81,,,,,,,,,,,
"'FIREVPN, VPN & Proxy'",6,152,,'Squid VPN - Hotspot VPN & Private Browser',34,82,,,,,,,,,,,
'Magic VPN - Best Free VPN for Chrome',6,100,,'Hemlock',1,82,,,,,,,,,,,
'Open via UCSF',6,208,,'Autoscroll Extension v2',0,83,,,,,,,,,,,
'VPN Proxy',6,95,,'Pangolin VPN',46,84,,,,,,,,,,,
'Among Us Cursors',5,56,,'Sales Sort for eBay™ Advanced Search',5,84,,,,,,,,,,,
'Anonymous Button',5,186,,'Jego - Safe VPN Proxy',20,85,,,,,,,,,,,
'Aqua VPN',5,155,,'Metronome',2,85,,,,,,,,,,,
'Cloud free VPN',5,147,,'Audio Eq Booster Plus',2,86,,,,,,,,,,,
'Geometry Dash Strategy Game - HTML5 Game',5,5,n,'Cosmo VPN',36,87,,,,,,,,,,,
'GuardSurf - Free Unlimited VPN Proxy',5,107,,'Stels VPN - Free & Secure proxy',39,88,,,,,,,,,,,
'Play Along',5,22,,'Browser VPN - Free Chrome VPN',12,89,,,,,,,,,,,
'Sales Sort for eBay™ Advanced Search',5,84,,'Browser VPN - Free and unlimited VPN proxy',20,90,,,,,,,,,,,
'Tricky Craby Html5 Game',5,11,,'Free VPN Proxy',28,91,,,,,,,,,,,
'Tricky Craby Html5 Game',5,171,,'VPN -Super Unlimited Proxy VPN for Chrome',3,92,,,,,,,,,,,
'Universal Keyword Planner box',5,57,,'VPNOnline Secure VPN as unlimited proxy',13,93,,,,,,,,,,,
'Visual Ex- Script for YouTube Looping',5,69,,'My Browser Vpn',11,94,,,,,,,,,,,
'1Block - Best Adblocker for Chrome',4,176,,'VPN Proxy',6,95,,,,,,,,,,,
'1ClickVPN Proxy for Chrome',4,183,,'AdGuard VPN Beta',27,96,,,,,,,,,,,
'AngelVPN - Best VPN for Privacy & Security',4,142,,'Switcherry VPN',47,97,,,,,,,,,,,
'Chord Dictionary',4,68,,'Telleport - Best Free VPN',14,98,,,,,,,,,,,
'Guitar Tabs for YouTube',4,13,,'TorGuard VPN Extension',60,99,,,,,,,,,,,
'HideIPVPN - VPN and Smart DNS services',4,161,,'Magic VPN - Best Free VPN for Chrome',6,100,,,,,,,,,,,
'HotVPN - ????????? ????????? ??? ? ??????',4,149,,'Stark VPN - Unlimited VPN Proxy',12,101,,,,,,,,,,,
'KANTAN Chord',4,36,,'Trust.Zone VPN Proxy',11,102,,,,,,,,,,,
'Live Hero',4,71,,'VPN GLOBAL -Free VPN Extension for Windows',2,103,,,,,,,,,,,
'Touch VPN',4,108,,"'VPN unlimited, free VPN with private browsing'",10,104,,,,,,,,,,,
'Trust VPN',4,141,,'Free VPN For Chrome - HavenSurf VPN',10,106,,,,,,,,,,,
'VPN.S HTTP Proxy',4,165,,'GuardSurf - Free Unlimited VPN Proxy',5,107,,,,,,,,,,,
'WhiteProxies - Browser VPN',4,212,,'Touch VPN',4,108,,,,,,,,,,,
'Autoscroll Plus',3,66,,'Free VPN for Chrome - Free VPN',2,109,,,,,,,,,,,
'AWS VPN Tab Closer',3,179,,"'VPNMAX, VPN & Proxy'",16,110,,,,,,,,,,,
'BlancVPN — Fast and Secure Proxy',3,195,,'Free VPN',7,111,,,,,,,,,,,
'Custom Cursor for Chrome™ - CUTE?',3,54,,'Muscle VPN',33,112,,,,,,,,,,,
'Dragon Ball Z Wallpaper',3,24,,'CactusVPN - VPN and Smart DNS services',12,113,,,,,,,,,,,
'Free Vpn | Moon VPN',3,174,,'Tempo VPN - Free and unlimited vpn proxy',7,116,,,,,,,,,,,
'Free VPN For Chrome - HavenSurf VPN',3,125,,'VPN download for pc',3,117,,,,,,,,,,,
'Guitarr Tunerr',3,32,,'PaladinVPN - 100% Unlimited Free VPN Proxy',10,118,,,,,,,,,,,
'IPchanger VPN: IP Proxy for Privacy & Secure',3,153,,'RyoVPN',19,119,,,,,,,,,,,
'Koch VPN',3,159,,'K2VPN - Free Private Search VPN',40,121,,,,,,,,,,,
'Minecraft Cursors',3,51,,'Expressvpn For PC -secure Vpn proxy',10,123,,,,,,,,,,,
'Onion VPN with Speed Control',3,184,,"""GeoSearch: 'VPN' for Google Search""",10,124,,,,,,,,,,,
'PureDome Proxy - Best VPN for Chrome',3,126,,'Free VPN For Chrome - HavenSurf VPN',3,125,,,,,,,,,,,
'Rolling Ball Unblocked',3,7,,'PureDome Proxy - Best VPN for Chrome',3,126,,,,,,,,,,,
'ugpiano',3,29,,'Accel VPN',2,127,,,,,,,,,,,
'Ultimate Guitar Randomiser',3,20,,'ZoogVPN - Free VPN for Chrome & Proxy',14,128,,,,,,,,,,,
'VPN download for pc',3,117,,'EasyGood - Free Unlimited VPN Proxy',2,129,,,,,,,,,,,
'VPN -Super Unlimited Proxy VPN for Chrome',3,92,,'IPBurger Proxy & VPN',12,130,,,,,,,,,,,
'?????????????? Facebook',3,160,,'Anonymous VPN - WebRTC leak prevent',19,131,,,,,,,,,,,
'Accel VPN',2,127,,'Pulpy VPN - Free Secure Website Unblocker',9,133,,,,,,,,,,,
'Audio Eq Booster Plus',2,86,,'?????????????? Youtube',12,134,,,,,,,,,,,
'Black Jack Play Game',2,23,,'VPN99 — fast secure VPN',54,135,,,,,,,,,,,
'Chord Transposer',2,67,,'WeVPN: Fast & Secure VPN Proxy',31,137,,,,,,,,,,,
'EasyGood - Free Unlimited VPN Proxy',2,129,,'?????????????? Instagram',16,138,,,,,,,,,,,
'Flip That Tab',2,38,,'Free Best VPN PC-Chrome-Unlimited Proxy Guide',1,139,,,,,,,,,,,
'Free VPN for Chrome - Free VPN',2,109,,'Zenmate Gratis VPN Chrome',2,140,,,,,,,,,,,
'fret{notes}',2,34,,'Trust VPN',4,141,,,,,,,,,,,
'Guardiano VPN',2,190,,'AngelVPN - Best VPN for Privacy & Security',4,142,,,,,,,,,,,
'Haikyuu Anime Cursors',2,60,,'Miao VPN - Free Back to China VPN',40,143,,,,,,,,,,,
'HQ VPN',2,151,,'ValeVPN Proxy',11,144,,,,,,,,,,,
'HueTab | Colors for Ultimate Guitar',2,26,,'Custom vpn for lixi88',1,145,,,,,,,,,,,
'Metronome',2,85,,'Free VPN For Window 10 Chrome',1,146,,,,,,,,,,,
'netSave: ???? ??????????? ? ????!',2,205,,'Cloud free VPN',5,147,,,,,,,,,,,
'netWin: ?????? ? ??????????????? ??????!',2,201,,'Free VPN | Good VPN',1,148,,,,,,,,,,,
'SmartyDNS - VPN and Smart DNS',2,194,,'HotVPN - ????????? ????????? ??? ? ??????',4,149,,,,,,,,,,,
'Swisscows.VPN',2,167,,'FreyaVPN VPN Extension',15,150,,,,,,,,,,,
'VPN GLOBAL -Free VPN Extension for Windows',2,103,,'HQ VPN',2,151,,,,,,,,,,,
'Zenmate Gratis VPN Chrome',2,140,,"'FIREVPN, VPN & Proxy'",6,152,,,,,,,,,,,
"""Best Bass Guitar VST's""",1,2,,'IPchanger VPN: IP Proxy for Privacy & Secure',3,153,,,,,,,,,,,
'Belka WebRTC: ????????????? ?????? IP',1,197,,'Aqua VPN',5,155,,,,,,,,,,,
'Candy Match 3 Puzzle Games',1,15,,'CT Access',42,156,,,,,,,,,,,
'Cellular VPN',1,178,,'WiFi SpeedTest & Internet Connection Test',46,157,,,,,,,,,,,
'ChatGPT for Web Search',1,30,,'Koch VPN',3,159,,,,,,,,,,,
'ChatGPT for Web Search Tab',1,40,,'?????????????? Facebook',3,160,,,,,,,,,,,
'Custom vpn for lixi88',1,145,,'HideIPVPN - VPN and Smart DNS services',4,161,,,,,,,,,,,
'Elmore Pedal Utility',1,73,,'GS Helper For Google Search Google Scholar',22,162,,,,,,,,,,,
'Free Best VPN PC-Chrome-Unlimited Proxy Guide',1,139,,'VuzeVPN Proxy',8,163,,,,,,,,,,,
'Free VPN | Good VPN',1,148,,'VPN.S HTTP Proxy',4,165,,,,,,,,,,,
'Free VPN For Window 10 Chrome',1,146,,'POE????????',13,166,,,,,,,,,,,
'Garena Free Fire Wallpaper',1,21,,'Swisscows.VPN',2,167,,,,,,,,,,,
'Happy Birthday GIF',1,72,,'uVPN',10,168,,,,,,,,,,,
'Hemlock',1,82,,'Freezen MateVPN Chrome',27,169,,,,,,,,,,,
'IndiaVpn - The best free VPN for India',1,202,,'HideU VPN',15,170,,,,,,,,,,,
'Integrity VPN Checker',1,203,,'Tricky Craby Html5 Game',5,171,,,,,,,,,,,
"'IP Address Checker - Proxy, VPN, Geolocation'",1,213,,'WA Self Sender - Free Messages Sender',8,172,,,,,,,,,,,
'Lumberjack River Game',1,31,,'Free Vpn | Moon VPN',3,174,,,,,,,,,,,
'Roblox Wallpaper',1,25,,'ProxyFish',24,175,,,,,,,,,,,
'Roblox Wallpaper',1,61,,'1Block - Best Adblocker for Chrome',4,176,,,,,,,,,,,
'SHRED',1,65,,'ChatGPT for Google (No Ads)',8,177,,,,,,,,,,,
'SongSearch',1,28,,'Cellular VPN',1,178,,,,,,,,,,,
'Sports VPN',1,192,,'AWS VPN Tab Closer',3,179,,,,,,,,,,,
'UG Companion',1,41,,'Free OpenVPN Server Finder',34,181,,,,,,,,,,,
'VPN Thrive',1,185,,'?????VPN',19,182,,,,,,,,,,,
'YouTabs',1,43,,'1ClickVPN Proxy for Chrome',4,183,,,,,,,,,,,
'Zombie Shooter Play',1,16,,'Onion VPN with Speed Control',3,184,,,,,,,,,,,
'Alfi Adventure Game',0,33,,'VPN Thrive',1,185,,,,,,,,,,,
'Autoscroll Extension v2',0,83,,'Anonymous Button',5,186,,,,,,,,,,,
'Google Guitar Fix',0,18,,'Easy Sender',23,187,,,,,,,,,,,
'Grand Commander',0,12,,'TekLan VPN',0,188,,,,,,,,,,,
'Guitar Solo Metronome',0,39,,'Vexel VPN',0,189,,,,,,,,,,,
'Happy Chef Bubble Game',0,27,,'Guardiano VPN',2,190,,,,,,,,,,,
'Lick Locker',0,77,,'Secure VPN Unblock website - SecurityInfinity',7,191,,,,,,,,,,,
'Little Synth Piano',0,76,,'Sports VPN',1,192,,,,,,,,,,,
'Lyrics Scroller',0,70,,'???????? - Limewhale VPN 2021',10,193,,,,,,,,,,,
'Mad Shark HTML 5 Game',0,19,,'SmartyDNS - VPN and Smart DNS',2,194,,,,,,,,,,,
'Mason and Strings',0,42,,'BlancVPN — Fast and Secure Proxy',3,195,,,,,,,,,,,
'OrinAyo',0,62,,'Colo-A simple VPN & Proxy extension',6,196,,,,,,,,,,,
'Sharpify',0,79,,'Belka WebRTC: ????????????? ?????? IP',1,197,,,,,,,,,,,
'Spotify2Tabs',0,81,,'ChatGPT for WhatsApp',14,199,,,,,,,,,,,
'Standard Guitar Tuner',0,14,,'netWin: ?????? ? ??????????????? ??????!',2,201,,,,,,,,,,,
'Summer Match 3 Game',0,35,,'IndiaVpn - The best free VPN for India',1,202,,,,,,,,,,,
'Tab Difficulty Predictor',0,75,,'Integrity VPN Checker',1,203,,,,,,,,,,,
'TekLan VPN',0,188,,'Where Am I? - VPN Checker',11,204,,,,,,,,,,,
'total guitar setup guide',0,9,,'netSave: ???? ??????????? ? ????!',2,205,,,,,,,,,,,
'UG2 Solfege',0,44,,'Open via UCSF',6,208,,,,,,,,,,,
'ugpdfs',0,37,,'BlufVPN',9,209,,,,,,,,,,,
'UG-Scroller',0,80,,'GameEnable - Designed for Stadia™ & xCloud™',24,210,,,,,,,,,,,
'ugtabdl',0,78,,'Unblocker for BBC iPlayer',14,211,,,,,,,,,,,
'Ukulele Chords',0,74,,'WhiteProxies - Browser VPN',4,212,,,,,,,,,,,
'Vexel VPN',0,189,,"'IP Address Checker - Proxy, VPN, Geolocation'",1,213,,,,,,,,,,,
,,,,,,,,,,,,,,,,,
,,,,,,,,,,,,,,,,,
,,,,,,,,,,,,,,,,,
,,,,,,,,,,,,,,,,,
,,,,,,,,,,,,,,,,,
,,,,,,,,,,,,,,,,,
,,,,,,,,,,,,,,,,,
,,,,,,,,,,,,,,,,,
,,,,,,,,,,,,,,,,,
,,,,,,,,,,,,,,,,,
,,,,,,,,,,,,,,,,,
,,,,,,,,,,,,,,,,,
,,,,,,,,,,,,,,,,,
,,,,,,,,,,,,,,,,,
,,,,,,,,,,,,,,,,,
,,,,,,,,,,,,,,,,,
,,,,,,,,,,,,,,,,,
,,,,,,,,,,,,,,,,,
,,,,,,,,,,,,,,,,,
,,,,,,,,,,,,,,,,,
,,,,,,,,,,,,,,,,,
,,,,,,,,,,,,,,,,,
,,,,,,,,,,,,,,,,,
,,,,,,,,,,,,,,,,,
,,,,,,,,,,,,,,,,,
,,,,,,,,,,,,,,,,,
,,,,,,,,,,,,,,,,,
,,,,,,,,,,,,,,,,,
,,,,,,,,,,,,,,,,,
,,,,,,,,,,,,,,,,,
,,,,,,,,,,,,,,,,,
,,,,,,,,,,,,,,,,,
,,,,,,,,,,,,,,,,,
,,,,,,,,,,,,,,,,,
,,,,,,,,,,,,,,,,,
,,,,,,,,,,,,,,,,,
,,,,,,,,,,,,,,,,,
,,,,,,,,,,,,,,,,,
,,,,,,,,,,,,,,,,,
,,,,,,,,,,,,,,,,,
,,,,,,,,,,,,,,,,,
,,,,,,,,,,,,,,,,,
,,,,,,,,,,,,,,,,,
,,,,,,,,,,,,,,,,,
,,,,,,,,,,,,,,,,,
,,,,,,,,,,,,,,,,,
,,,,,,,,,,,,,,,,,
,,,,,,,,,,,,,,,,,
,,,,,,,,,,,,,,,,,
,,,,,,,,,,,,,,,,,
,,,,,,,,,,,,,,,,,
,,,,,,,,,,,,,,,,,
,,,,,,,,,,,,,,,,,
,,,,,,,,,,,,,,,,,
,,,,,,,,,,,,,,,,,
,,,,,,,,,,,,,,,,,
,,,,,,,,,,,,,,,,,
,,,,,,,,,,,,,,,,,
,,,,,,,,,,,,,,,,,
,,,,,,,,,,,,,,,,,
,,,,,,,,,,,,,,,,,
,,,,,,,,,,,,,,,,,
,,,,,,,,,,,,,,,,,
,,,,,,,,,,,,,,,,,
,,,,,,,,,,,,,,,,,
,,,,,,,,,,,,,,,,,
,,,,,,,,,,,,,,,,,
,,,,,,,,,,,,,,,,,
,,,,,,,,,,,,,,,,,
,,,,,,,,,,,,,,,,,
,,,,,,,,,,,,,,,,,
,,,,,,,,,,,,,,,,,
,,,,,,,,,,,,,,,,,
,,,,,,,,,,,,,,,,,
,,,,,,,,,,,,,,,,,
,,,,,,,,,,,,,,,,,
,,,,,,,,,,,,,,,,,
