128 results,,,95%,,212 results,,95%,289 results,,,60%,Page Loads 5,439 Results,,85%,,,,,,
Title,Ratings,Order,Is AB?,Title,Ratings,Order,VPN?,Title,Ratings,Order,VPN?,Title,Ratings,Order,VPN?,,,,,,
'Hola VPN - The Website Unblocker',359108,0,y,'Hola VPN - The Website Unblocker',359108,1,y,'Hola VPN - The Website Unblocker',359108,1,y,'Hola VPN - The Website Unblocker',359108,1,y,,,,,,
'Touch VPN - Secure and unlimited VPN proxy',79675,1,y,'Touch VPN - Secure and unlimited VPN proxy',79675,2,y,'Touch VPN - Secure and unlimited VPN proxy',79675,2,y,'Fair AdBlocker',137854,295,n,,,,,,
'Hotspot Shield',68171,70,y,'Hotspot Shield',68171,71,y,'Hotspot Shield',68171,71,y,'Touch VPN - Secure and unlimited VPN proxy',79675,2,y,,,,,,
'Free VPN ZenMate-Best VPN for Chrome',53002,4,y,'Free VPN ZenMate-Best VPN for Chrome',53002,5,y,'Free VPN ZenMate-Best VPN for Chrome',53002,5,y,'Hotspot Shield',68171,71,y,,,,,,
'SetupVPN - Lifetime Free VPN',45751,50,y,'SetupVPN - Lifetime Free VPN',45751,51,y,'SetupVPN - Lifetime Free VPN',45751,51,y,'Free VPN ZenMate-Best VPN for Chrome',53002,5,y,,,,,,
'TunnelBear VPN',32863,60,y,'TunnelBear VPN',32863,61,y,'TunnelBear VPN',32863,61,y,'SetupVPN - Lifetime Free VPN',45751,51,y,,,,,,
'Free VPN for Chrome by 1clickvpn',30460,3,y,'Free VPN for Chrome by 1clickvpn',30460,4,y,'Free VPN for Chrome by 1clickvpn',30460,4,y,'TunnelBear VPN',32863,61,y,,,,,,
'VPN Free - Betternet Unlimited VPN Proxy',29894,14,y,'VPN Free - Betternet Unlimited VPN Proxy',29894,15,y,'VPN Free - Betternet Unlimited VPN Proxy',29894,15,y,'Free VPN for Chrome by 1clickvpn',30460,4,y,,,,,,
'Hoxx VPN Proxy',26169,8,y,'Hoxx VPN Proxy',26169,9,y,'Hoxx VPN Proxy',26169,9,y,'VPN Free - Betternet Unlimited VPN Proxy',29894,15,y,,,,,,
'Browsec VPN - Free VPN for Chrome',25322,5,y,'Browsec VPN - Free VPN for Chrome',25322,6,y,'Browsec VPN - Free VPN for Chrome',25322,6,y,'Hoxx VPN Proxy',26169,9,y,,,,,,
'Urban VPN Proxy',21270,6,y,'Urban VPN Proxy',21270,7,y,'Video Downloader Plus',21321,226,n,'Browsec VPN - Free VPN for Chrome',25322,6,y,,,,,,
'Windscribe - Free Proxy and Ad Blocker',20474,63,y,'Windscribe - Free Proxy and Ad Blocker',20474,64,y,'Urban VPN Proxy',21270,7,y,'Video Downloader Plus',21321,226,n,,,,,,
'Free VPN Chrome extension - Best VPN by uVPN',18572,15,y,'Free VPN Chrome extension - Best VPN by uVPN',18572,16,y,'Windscribe - Free Proxy and Ad Blocker',20474,64,y,'Urban VPN Proxy',21270,7,y,,,,,,
"'UltraSurf Security, Privacy & Unblock VPN'",18465,25,y,"'UltraSurf Security, Privacy & Unblock VPN'",18465,26,y,'Free VPN Chrome extension - Best VPN by uVPN',18572,16,y,'Windscribe - Free Proxy and Ad Blocker',20474,64,y,,,,,,
'EditThisCookie',11362,69,n,'EditThisCookie',11362,70,n,"'UltraSurf Security, Privacy & Unblock VPN'",18465,26,y,'Free VPN Chrome extension - Best VPN by uVPN',18572,16,y,,,,,,
'Free VPN for Chrome - VPN Proxy VeePN',10926,2,y,'Free VPN for Chrome - VPN Proxy VeePN',10926,3,y,'EditThisCookie',11362,70,n,"'UltraSurf Security, Privacy & Unblock VPN'",18465,26,y,,,,,,
'DotVPN: Global Access VPN for Chrome',9355,17,y,'DotVPN: Global Access VPN for Chrome',9355,18,y,'Free VPN for Chrome - VPN Proxy VeePN',10926,3,y,'EditThisCookie',11362,70,n,,,,,,
'Free VPN Proxy and ad blocker - Planet VPN',9229,9,y,'Free VPN Proxy and ad blocker - Planet VPN',9229,10,y,'DotVPN: Global Access VPN for Chrome',9355,18,y,'Free VPN for Chrome - VPN Proxy VeePN',10926,3,y,,,,,,
'Malus VPN - The only official version',8223,117,y,'Malus VPN - The only official version',8223,120,y,'Free VPN Proxy and ad blocker - Planet VPN',9229,10,y,'DotVPN: Global Access VPN for Chrome',9355,18,y,,,,,,
'NordVPN - VPN Proxy for Privacy and Security',5656,7,y,'NordVPN - VPN Proxy for Privacy and Security',5656,8,y,'Malus VPN - The only official version',8223,118,y,'Free VPN Proxy and ad blocker - Planet VPN',9229,10,y,,,,,,
'VPN Free Unlimited - VPNLY',4848,16,,'VPN Free Unlimited - VPNLY',4848,17,,'NordVPN - VPN Proxy for Privacy and Security',5656,8,,'Malus VPN - The only official version',8223,118,,,,,,,
'Astar VPN - Free and fast VPN for everyone',4621,24,,'Astar VPN - Free and fast VPN for everyone',4621,25,,'VPN Free Unlimited - VPNLY',4848,17,,'NordVPN - VPN Proxy for Privacy and Security',5656,8,,,,,,,
'Hide My IP VPN',3996,32,,'Hide My IP VPN',3996,33,,'Astar VPN - Free and fast VPN for everyone',4621,25,,'VPN Free Unlimited - VPNLY',4848,17,,,,,,,
'VPN Unlimited ® Proxy - Best VPN for Chrome',3561,29,,'VPN Unlimited ® Proxy - Best VPN for Chrome',3561,30,,'IronVest',4419,266,,'Astar VPN - Free and fast VPN for everyone',4621,25,,,,,,,
'PureVPN Proxy - Best VPN for Chrome',3507,21,,'PureVPN Proxy - Best VPN for Chrome',3507,22,,'Hide My IP VPN',3996,33,,'IronVest',4419,266,,,,,,,
'ExpressVPN: VPN proxy for a better internet',2576,13,,'ExpressVPN: VPN proxy for a better internet',2576,14,,'VPN Unlimited ® Proxy - Best VPN for Chrome',3561,30,,'Hide My IP VPN',3996,33,,,,,,,
'VPN-free.pro - Free Unlimited VPN',2391,18,,'TunnelBear Blocker',2453,207,,'PureVPN Proxy - Best VPN for Chrome',3507,22,,'Proxy SwitchyOmega',3731,426,,,,,,,
'VPN Plus - Best VPN for Chrome',1962,41,,'VPN-free.pro - Free Unlimited VPN',2391,19,,'ExpressVPN: VPN proxy for a better internet',2576,14,,'VPN Unlimited ® Proxy - Best VPN for Chrome',3561,30,,,,,,,
'AdGuard VPN — free & secure proxy for Chrome',1706,26,,'VPN Plus - Best VPN for Chrome',1962,42,,'TunnelBear Blocker',2453,204,,'PureVPN Proxy - Best VPN for Chrome',3507,22,,,,,,,
'FastStunnel VPN',1421,111,,'AdGuard VPN — free & secure proxy for Chrome',1706,27,,'VPN-free.pro - Free Unlimited VPN',2391,19,,'ExpressVPN: VPN proxy for a better internet',2576,14,,,,,,,
'IP Unblock - Free VPN to unblock websites',1193,43,,'FastStunnel VPN',1421,114,,'VPN Plus - Best VPN for Chrome',1962,42,,'TunnelBear Blocker',2453,204,,,,,,,
'Residential VPN | Tuxler',1140,30,,'IP Unblock - Free VPN to unblock websites',1193,44,,'AdGuard VPN — free & secure proxy for Chrome',1706,27,,'VPN-free.pro - Free Unlimited VPN',2391,19,,,,,,,
'VPN Surf - Fast VPN by unblock',1129,19,,'Residential VPN | Tuxler',1140,31,,'FastStunnel VPN',1421,112,,'NordPass® Password Manager & Digital Vault',2303,299,,,,,,,
'Free unblock VPN&security by VPN Proxy Master',1034,31,,'VPN Surf - Fast VPN by unblock',1129,20,,'iboss cloud Enterprise',1294,233,,'AdBlock Suite',2274,298,,,,,,,
'VPN Unlimited - Best VPN by unblock',933,27,,'Free unblock VPN&security by VPN Proxy Master',1034,32,,'IP Unblock - Free VPN to unblock websites',1193,44,,'VPN Plus - Best VPN for Chrome',1962,42,,,,,,,
'HideAll VPN - Fast & Unlimited VPN',924,74,,'VPN Unlimited - Best VPN by unblock',933,28,,'Residential VPN | Tuxler',1140,31,,'ScriptSafe',1709,303,,,,,,,
'Stay secure with CyberGhost VPN Free Proxy',781,28,,'HideAll VPN - Fast & Unlimited VPN',924,75,,'VPN Surf - Fast VPN by unblock',1129,20,,'AdGuard VPN — free & secure proxy for Chrome',1706,27,,,,,,,
'Free VPN',728,34,,'Stay secure with CyberGhost VPN Free Proxy',781,29,,'Free unblock VPN&security by VPN Proxy Master',1034,32,,'Maikr',1520,312,,,,,,,
'Proxy + Free VPN DEEPRISM',625,45,,'Free VPN',728,35,,'VPN Unlimited - Best VPN by unblock',933,28,,'Hide My IP',1458,307,,,,,,,
'Free VPN for Chrome - Troywell VPN',561,23,,'RealProxy - ?????? ? ?????? ? ???????',628,206,,'HideAll VPN - Fast & Unlimited VPN',924,75,,'FastStunnel VPN',1421,112,,,,,,,
'Surfshark VPN Extension',560,22,,'Proxy + Free VPN DEEPRISM',625,46,,'Stay secure with CyberGhost VPN Free Proxy',781,29,,'iboss cloud Enterprise',1294,233,,,,,,,
'Private Internet Access',548,103,,'Free VPN for Chrome - Troywell VPN',561,24,,'Free VPN',728,35,,'IP Unblock - Free VPN to unblock websites',1193,44,,,,,,,
'FreeMyBrowser - Encrypted VPN Proxy',541,119,,'Surfshark VPN Extension',560,23,,'VeilDuck',682,241,,'Residential VPN | Tuxler',1140,31,,,,,,,
'User-Agent Switcher',444,112,,'Private Internet Access',548,105,,'RealProxy - ?????? ? ?????? ? ???????',628,203,,'VPN Surf - Fast VPN by unblock',1129,20,,,,,,,
'Free privacy connection - VPN Guru',391,20,,'FreeMyBrowser - Encrypted VPN Proxy',541,122,,'Proxy + Free VPN DEEPRISM',625,46,,'Requestly: Open Source HTTPs Debugging Proxy',1046,302,,,,,,,
'Chrome Extension Vpn',333,54,,'Urban Shield',517,164,,'Free VPN for Chrome - Troywell VPN',561,24,,'Free unblock VPN&security by VPN Proxy Master',1034,32,,,,,,,
'Free Avira Phantom VPN – Unblock Websites',305,39,,'User-Agent Switcher',444,115,,'Surfshark VPN Extension',560,23,,'VPN Unlimited - Best VPN by unblock',933,28,,,,,,,
'FVP Free Vpn Proxy',266,42,,'Free privacy connection - VPN Guru',391,21,,'Videochat Extension - IP Locator for Omegle',554,236,,'HideAll VPN - Fast & Unlimited VPN',924,75,,,,,,,
'vpnEstonia - Fastest VPN at lowest latency',245,66,,'Chrome Extension Vpn',333,55,,'Private Internet Access',548,104,,'Stay secure with CyberGhost VPN Free Proxy',781,29,,,,,,,
'Wachee VPN | Unblocker for Netflix and Hulu',242,59,,'Free Avira Phantom VPN – Unblock Websites',305,40,,'FreeMyBrowser - Encrypted VPN Proxy',541,120,,'Free VPN',728,35,,,,,,,
'1VPN - Free VPN for Chrome',239,38,,'FVP Free Vpn Proxy',266,43,,'Wistia Video Downloader',538,235,,'VeilDuck',682,241,,,,,,,
'Turbo VPN - Secure Free VPN Proxy',238,35,,'vpnEstonia - Fastest VPN at lowest latency',245,67,,'Urban Shield',517,162,,'RealProxy - ?????? ? ?????? ? ???????',628,203,,,,,,,
'Greenhub Free VPN - Secure and Unblock VPN',220,51,,'Wachee VPN | Unblocker for Netflix and Hulu',242,60,,'User-Agent Switcher',444,113,,'Proxy + Free VPN DEEPRISM',625,46,,,,,,,
'Sweet VPN',219,56,,'1VPN - Free VPN for Chrome',239,39,,"'Beebs- Watch BBC iPlayer, ITV & C4 Abroad'",427,242,,'Free VPN for Chrome - Troywell VPN',561,24,,,,,,,
'VPN Professional - Free Unlimited VPN Proxy',214,40,,'Turbo VPN - Secure Free VPN Proxy',238,36,,'Free privacy connection - VPN Guru',391,21,,'Surfshark VPN Extension',560,23,,,,,,,
'VPN.AC SecureProxy',201,72,,'Greenhub Free VPN - Secure and Unblock VPN',220,52,,'WebRTC Network Limiter',334,232,,'Videochat Extension - IP Locator for Omegle',554,236,,,,,,,
'Ivacy VPN - Best Free VPN to Unblock Websites',190,46,,'Sweet VPN',219,57,,'Chrome Extension Vpn',333,55,,'Private Internet Access',548,104,,,,,,,
'Bright VPN - Secure Private & Free VPN Proxy',165,44,,'VPN Professional - Free Unlimited VPN Proxy',214,41,,'Free Avira Phantom VPN – Unblock Websites',305,40,,'FreeMyBrowser - Encrypted VPN Proxy',541,120,,,,,,,
'WorkingVPN - A VPN that just works',157,36,,'VPN.AC SecureProxy',201,73,,'FVP Free Vpn Proxy',266,43,,'Wistia Video Downloader',538,235,,,,,,,
'Red Panda Free VPN | Unlimited VPN',126,71,,'Ivacy VPN - Best Free VPN to Unblock Websites',190,47,,'StudyGPT- Your study copilot powered by GPT-4',260,260,,'Urban Shield',517,162,,,,,,,
'Snap VPN',126,11,,'WebRTC Leak Shield',188,198,,'CroxyProxy Free Web Proxy',255,271,,'User-Agent Switcher',444,113,,,,,,,
'Ping VPN - Free VPN Proxy with Ad Blocker',122,65,,'Bright VPN - Secure Private & Free VPN Proxy',165,45,,'vpnEstonia - Fastest VPN at lowest latency',245,67,,"'Beebs- Watch BBC iPlayer, ITV & C4 Abroad'",427,242,,,,,,,
'Free VPN - Unlimited Access',120,64,,'WorkingVPN - A VPN that just works',157,37,,'Wachee VPN | Unblocker for Netflix and Hulu',242,60,,'Free privacy connection - VPN Guru',391,21,,,,,,,
'Blaze VPN',117,10,,'Hideman VPN',132,158,,'1VPN - Free VPN for Chrome',239,39,,'WebRTC Network Limiter',334,232,,,,,,,
'iGoo Helper - Security Privacy Unblock VPN',116,52,,'Red Panda Free VPN | Unlimited VPN',126,72,,'Turbo VPN - Secure Free VPN Proxy',238,36,,'Chrome Extension Vpn',333,55,,,,,,,
'Proton VPN: a Swiss VPN you can trust',112,49,,'Snap VPN',126,12,,'Greenhub Free VPN - Secure and Unblock VPN',220,52,,'Free Avira Phantom VPN – Unblock Websites',305,40,,,,,,,
'Thunder FREE VPN For Chrome',97,68,,'Ping VPN - Free VPN Proxy with Ad Blocker',122,66,,'Sweet VPN',219,57,,'Location Guard',285,301,,,,,,,
'4ebur.net – Best VPN Proxy',95,48,,'Urban Safe Browsing',122,173,,'VPN Professional - Free Unlimited VPN Proxy',214,41,,'FVP Free Vpn Proxy',266,43,,,,,,,
"'BelkaVPN is VPN, Proxy to Unblock any sites'",95,85,,'Free VPN - Unlimited Access',120,65,,'VPN.AC SecureProxy',201,73,,'StudyGPT- Your study copilot powered by GPT-4',260,260,,,,,,,
'Troywell VPN Lite - ??????????? VPN proxy',74,62,,'Blaze VPN',117,11,,'LinkedRadar - Auto Connect Tool For LinkedIn™',195,247,,'CroxyProxy Free Web Proxy',255,271,,,,,,,
'Whoer VPN',71,75,,'Urban Ad blocker',117,180,,'Ivacy VPN - Best Free VPN to Unblock Websites',190,47,,'vpnEstonia - Fastest VPN at lowest latency',245,67,,,,,,,
'Ninja VPN: Secure Proxy & VPN',68,58,,'HideMe FreeVPN',116,136,,'WebRTC Leak Shield',188,196,,'Wachee VPN | Unblocker for Netflix and Hulu',242,60,,,,,,,
'VeeeVPN - #1 VPN Proxy Extension for Chrome',68,61,,'iGoo Helper - Security Privacy Unblock VPN',116,53,,'Bright VPN - Secure Private & Free VPN Proxy',165,45,,'1VPN - Free VPN for Chrome',239,39,,,,,,,
'Troywell VPN Pro - Fast and secure VPN',66,82,,'Proton VPN: a Swiss VPN you can trust',112,50,,'Proton Pass: Free Password Manager',162,239,,'Best Proxy Switcher',239,323,,,,,,,
'OVPN - Free VPN Proxy & Secure for Chrome',61,77,,'FastestVPN Proxy for chrome',104,132,,'WorkingVPN - A VPN that just works',157,37,,'Turbo VPN - Secure Free VPN Proxy',238,36,,,,,,,
'TorGuard VPN Extension',60,97,,'Thunder FREE VPN For Chrome',97,69,,'NoCoding Data Scraper - Easy Web Scraping',148,246,,'Search to Play the Song',228,315,,,,,,,
'VPN Master - Free HTTP and SOCKS Proxies',60,76,,'4ebur.net – Best VPN Proxy',95,49,,'Hideman VPN',132,156,,'Greenhub Free VPN - Secure and Unblock VPN',220,52,,,,,,,
'Free One Touch VPN',59,55,,"'BelkaVPN is VPN, Proxy to Unblock any sites'",95,86,,'Red Panda Free VPN | Unlimited VPN',126,72,,'Sweet VPN',219,57,,,,,,,
'Safum free VPN',59,12,,'NetflixProxy',85,154,,'Snap VPN',126,12,,'VPN Professional - Free Unlimited VPN Proxy',214,41,,,,,,,
'VPNCity - Fast & Unlimited VPN | Unblocker',58,47,,'Urban YouTube™ Ad Blocker',75,200,,'Ping VPN - Free VPN Proxy with Ad Blocker',122,66,,'VPN.AC SecureProxy',201,73,,,,,,,
"'Vytal - Spoof Timezone, Geolocation & Locale'",54,53,,'Troywell VPN Lite - ??????????? VPN proxy',74,63,,'Urban Safe Browsing',122,171,,'LinkedRadar - Auto Connect Tool For LinkedIn™',195,247,,,,,,,
'Pangolin VPN',46,83,,'Whoer VPN',71,76,,'Free VPN - Unlimited Access',120,65,,'Ivacy VPN - Best Free VPN to Unblock Websites',190,47,,,,,,,
'Free VPN for Chrome - VPN Proxy InsuredVPN',44,67,,'Ninja VPN: Secure Proxy & VPN',68,59,,'Blaze VPN',117,11,,'WebRTC Leak Shield',188,196,,,,,,,
'K2VPN - Free Private Search VPN',40,118,,'VeeeVPN - #1 VPN Proxy Extension for Chrome',68,62,,'Urban Ad blocker',117,178,,'Bright VPN - Secure Private & Free VPN Proxy',165,45,,,,,,,
'Stels VPN - Free & Secure proxy',39,87,,'Troywell VPN Pro - Fast and secure VPN',66,83,,'HideMe FreeVPN',116,134,,'Proton Pass: Free Password Manager',162,239,,,,,,,
'BullVPN - VPN Proxy Unlock Website & Security',36,79,,'OVPN - Free VPN Proxy & Secure for Chrome',61,78,,'iGoo Helper - Security Privacy Unblock VPN',116,53,,'WorkingVPN - A VPN that just works',157,37,,,,,,,
'Cosmo VPN',36,86,,'TorGuard VPN Extension',60,99,,'Proton VPN: a Swiss VPN you can trust',112,50,,'???',154,337,,,,,,,
'Ghost VPN - Free VPN for Chrome',34,73,,'VPN Master - Free HTTP and SOCKS Proxies',60,77,,'FastestVPN Proxy for chrome',104,130,,'Ahrefs SEO Toolbar: On-Page and SERP Tools',152,308,,,,,,,
'Squid VPN - Hotspot VPN & Private Browser',34,81,,'Free One Touch VPN',59,56,,'Omegle IP locator',98,234,,'WebRTC Control',152,306,,,,,,,
'Turbo Max VPN - Fast VPN For Chrome',34,57,,'Safum free VPN',59,13,,'Thunder FREE VPN For Chrome',97,69,,'IQ Robot – IQ Option bot',149,328,,,,,,,
'Muscle VPN',33,109,,'VPNCity - Fast & Unlimited VPN | Unblocker',58,48,,'4ebur.net – Best VPN Proxy',95,49,,'NoCoding Data Scraper - Easy Web Scraping',148,246,,,,,,,
"'Guru VPN & Proxy, VPN to Unblock any sites'",32,78,,'VPN99 — fast secure VPN',54,135,,"'BelkaVPN is VPN, Proxy to Unblock any sites'",95,86,,'Olymp Robot – Trading tool for Olymp Trade',134,334,,,,,,,
'Free VPN Proxy',28,90,,"'Vytal - Spoof Timezone, Geolocation & Locale'",54,54,,'Free Password Manager & Authenticator & SSO',89,251,,'Hideman VPN',132,156,,,,,,,
'AdGuard VPN Beta',27,95,,'Switcherry VPN',47,97,,'LinkedRadar - OpenAI GPT For LinkedIn™',86,244,,'Red Panda Free VPN | Unlimited VPN',126,72,,,,,,,
'Link VPN',22,33,,'Pangolin VPN',46,84,,'NetflixProxy',85,152,,'Snap VPN',126,12,,,,,,,
'Turbo VPN Plus- VPN For Chrome by HornVPN',22,80,,'WiFi SpeedTest & Internet Connection Test',46,157,,'Urban YouTube™ Ad Blocker',75,198,,'Ping VPN - Free VPN Proxy with Ad Blocker',122,66,,,,,,,
'VPN Bridge',22,37,,'Free VPN for Chrome - VPN Proxy InsuredVPN',44,68,,'Troywell VPN Lite - ??????????? VPN proxy',74,63,,'Urban Safe Browsing',122,171,,,,,,,
'Browser VPN - Free and unlimited VPN proxy',20,89,,'CT Access',42,156,,'Whoer VPN',71,76,,'Free VPN - Unlimited Access',120,65,,,,,,,
'Jego - Safe VPN Proxy',20,84,,'K2VPN - Free Private Search VPN',40,121,,'Ninja VPN: Secure Proxy & VPN',68,59,,'Blaze VPN',117,11,,,,,,,
'Anonymous VPN - WebRTC leak prevent',19,128,,'Miao VPN - Free Back to China VPN',40,143,,'VeeeVPN - #1 VPN Proxy Extension for Chrome',68,62,,'Urban Ad blocker',117,178,,,,,,,
'RyoVPN',19,116,,'Stels VPN - Free & Secure proxy',39,88,,'Troywell VPN Pro - Fast and secure VPN',66,83,,'HideMe FreeVPN',116,134,,,,,,,
"'VPNMAX, VPN & Proxy'",16,107,,'BullVPN - VPN Proxy Unlock Website & Security',36,80,,'OVPN - Free VPN Proxy & Secure for Chrome',61,78,,'iGoo Helper - Security Privacy Unblock VPN',116,53,,,,,,,
'Telleport - Best Free VPN',14,96,,'Cosmo VPN',36,87,,'TorGuard VPN Extension',60,98,,'Proton VPN: a Swiss VPN you can trust',112,50,,,,,,,
'ZoogVPN - Free VPN for Chrome & Proxy',14,125,,'Free OpenVPN Server Finder',34,181,,'VPN Master - Free HTTP and SOCKS Proxies',60,77,,'FastestVPN Proxy for chrome',104,130,,,,,,,
'VPNOnline Secure VPN as unlimited proxy',13,92,,'Ghost VPN - Free VPN for Chrome',34,74,,'Free One Touch VPN',59,56,,'NoteGPT: Summary with ChatGPT and Take Notes',99,309,,,,,,,
'Browser VPN - Free Chrome VPN',12,88,,'Squid VPN - Hotspot VPN & Private Browser',34,82,,'Safum free VPN',59,13,,'Omegle IP locator',98,234,,,,,,,
'CactusVPN - VPN and Smart DNS services',12,110,,'Turbo Max VPN - Fast VPN For Chrome',34,58,,'VPNCity - Fast & Unlimited VPN | Unblocker',58,48,,'Thunder FREE VPN For Chrome',97,69,,,,,,,
'IPBurger Proxy & VPN',12,127,,'Muscle VPN',33,112,,'VPN99 — fast secure VPN',54,133,,'ZeroWiki',97,339,,,,,,,
'Stark VPN - Unlimited VPN Proxy',12,99,,"'Guru VPN & Proxy, VPN to Unblock any sites'",32,79,,"'Vytal - Spoof Timezone, Geolocation & Locale'",54,54,,'4ebur.net – Best VPN Proxy',95,49,,,,,,,
'My Browser Vpn',11,93,,'WeVPN: Fast & Secure VPN Proxy',31,137,,'GoLink - ?????????',49,213,,"'BelkaVPN is VPN, Proxy to Unblock any sites'",95,86,,,,,,,
'Trust.Zone VPN Proxy',11,100,,'Free VPN Proxy',28,91,,'Pangolin VPN',46,84,,'Free Password Manager & Authenticator & SSO',89,251,,,,,,,
"""GeoSearch: 'VPN' for Google Search""",10,121,,'AdGuard VPN Beta',27,96,,'Upnet',46,254,,'LinkedRadar - OpenAI GPT For LinkedIn™',86,244,,,,,,,
'Expressvpn For PC -secure Vpn proxy',10,120,,'Freezen MateVPN Chrome',27,169,,'WiFi SpeedTest & Internet Connection Test',46,155,,'NetflixProxy',85,152,,,,,,,
'Free VPN For Chrome - HavenSurf VPN',10,104,,'GameEnable - Designed for Stadia™ & xCloud™',24,210,,'Free VPN for Chrome - VPN Proxy InsuredVPN',44,68,,'Toast - Save Tabs for Later',83,326,,,,,,,
'PaladinVPN - 100% Unlimited Free VPN Proxy',10,115,,'ProxyFish',24,175,,'CT Access',42,154,,'GMPlus - OpenAI GPT-3 For Gmail - GPT4 AI Writer & Text Expander',79,316,,,,,,,
"'VPN unlimited, free VPN with private browsing'",10,102,,'Easy Sender',23,187,,'12VPX',41,255,,'Urban YouTube™ Ad Blocker',75,198,,,,,,,
'Free VPN',7,108,,'GS Helper For Google Search Google Scholar',22,162,,'ChillGlobal VPN/PROXY - Access Any Website!!',40,212,,'Troywell VPN Lite - ??????????? VPN proxy',74,63,,,,,,,
'Tempo VPN - Free and unlimited vpn proxy',7,113,,'Link VPN',22,34,,'K2VPN - Free Private Search VPN',40,119,,'Whoer VPN',71,76,,,,,,,
'Magic VPN - Best Free VPN for Chrome',6,98,,'Turbo VPN Plus- VPN For Chrome by HornVPN',22,81,,'Miao VPN - Free Back to China VPN',40,141,,'Email Finder & Email Hunter',70,329,,,,,,,
'VPN Proxy',6,94,,'VPN Bridge',22,38,,'GoinCN????? - ????????????????????',39,222,,'Proxxy',69,435,,,,,,,
'Touch VPN',4,105,,'Browser VPN - Free and unlimited VPN proxy',20,90,,'Stels VPN - Free & Secure proxy',39,88,,'Ninja VPN: Secure Proxy & VPN',68,59,,,,,,,
'Free VPN For Chrome - HavenSurf VPN',3,122,,'Jego - Safe VPN Proxy',20,85,,'BullVPN - VPN Proxy Unlock Website & Security',36,80,,'VeeeVPN - #1 VPN Proxy Extension for Chrome',68,62,,,,,,,
'PureDome Proxy - Best VPN for Chrome',3,123,,'Anonymous VPN - WebRTC leak prevent',19,131,,'Cosmo VPN',36,87,,'?????????????? ???? ????????????? ??',68,318,,,,,,,
'VPN download for pc',3,114,,'RyoVPN',19,119,,'Text to Speech: Voice Reader TTS',35,258,,'TikNote: Video Downloader and Saver',66,324,,,,,,,
'VPN -Super Unlimited Proxy VPN for Chrome',3,91,,'?????VPN',19,182,,'Free OpenVPN Server Finder',34,179,,'Troywell VPN Pro - Fast and secure VPN',66,83,,,,,,,
'Accel VPN',2,124,,"'VPNMAX, VPN & Proxy'",16,110,,'Ghost VPN - Free VPN for Chrome',34,74,,'OVPN - Free VPN Proxy & Secure for Chrome',61,78,,,,,,,
'EasyGood - Free Unlimited VPN Proxy',2,126,,'?????????????? Instagram',16,138,,'Squid VPN - Hotspot VPN & Private Browser',34,82,,'NoWall proxy (by NoWall)',60,375,,,,,,,
'Free VPN for Chrome - Free VPN',2,106,,'FreyaVPN VPN Extension',15,150,,'Turbo Max VPN - Fast VPN For Chrome',34,58,,'TorGuard VPN Extension',60,98,,,,,,,
'VPN GLOBAL -Free VPN Extension for Windows',2,101,,'HideU VPN',15,170,,'Muscle VPN',33,110,,'VPN Master - Free HTTP and SOCKS Proxies',60,77,,,,,,,
,,,,'ChatGPT for WhatsApp',14,199,,"'Guru VPN & Proxy, VPN to Unblock any sites'",32,79,,'Free One Touch VPN',59,56,,,,,,,
,,,,'Telleport - Best Free VPN',14,98,,'Summary with ChatGPT for Google™ and YouTube™',32,253,,'Safum free VPN',59,13,,,,,,,
,,,,'Unblocker for BBC iPlayer',14,211,,'Summary with Bing Chat for YouTube',31,221,,'VPNCity - Fast & Unlimited VPN | Unblocker',58,48,,,,,,,
,,,,'ZoogVPN - Free VPN for Chrome & Proxy',14,128,,'WeVPN: Fast & Secure VPN Proxy',31,135,,'GMerge - Gmail Merge Mail - Chat GPT Whisper',55,350,,,,,,,
,,,,'POE????????',13,166,,'SUSHI Proxy - Unlimited Japan IP Free 3 Days',30,264,,'WebWall - Internet Security & Privacy Safety',55,372,,,,,,,
,,,,'VPNOnline Secure VPN as unlimited proxy',13,93,,'Salesforce Dependent Picklist Matrix Export',29,262,,'VPN99 — fast secure VPN',54,133,,,,,,,
,,,,'Browser VPN - Free Chrome VPN',12,89,,'Free VPN Proxy',28,91,,"'Vytal - Spoof Timezone, Geolocation & Locale'",54,54,,,,,,,
,,,,'CactusVPN - VPN and Smart DNS services',12,113,,'AdGuard VPN Beta',27,96,,'GoLink - ?????????',49,213,,,,,,,
,,,,'IPBurger Proxy & VPN',12,130,,'Freezen MateVPN Chrome',27,167,,'Pangolin VPN',46,84,,,,,,,
,,,,'Stark VPN - Unlimited VPN Proxy',12,101,,'Emoji Keyboard 2023 - for Chrome Browser',24,256,,'Upnet',46,254,,,,,,,
,,,,'?????????????? Youtube',12,134,,'GameEnable - Designed for Stadia™ & xCloud™',24,207,,'WiFi SpeedTest & Internet Connection Test',46,155,,,,,,,
,,,,'My Browser Vpn',11,94,,'ProxyFish',24,173,,'Free VPN for Chrome - VPN Proxy InsuredVPN',44,68,,,,,,,
,,,,'Trust.Zone VPN Proxy',11,102,,'Easy Sender',23,185,,'Web Filter for Chrome',44,336,,,,,,,
,,,,'ValeVPN Proxy',11,144,,'GS Helper For Google Search Google Scholar',22,160,,'????? - ??????',43,332,,,,,,,
,,,,'Where Am I? - VPN Checker',11,204,,'Link VPN',22,34,,'CT Access',42,154,,,,,,,
,,,,"""GeoSearch: 'VPN' for Google Search""",10,124,,'Turbo VPN Plus- VPN For Chrome by HornVPN',22,81,,'12VPX',41,255,,,,,,,
,,,,'Expressvpn For PC -secure Vpn proxy',10,123,,'VPN Bridge',22,38,,'ChillGlobal VPN/PROXY - Access Any Website!!',40,212,,,,,,,
,,,,'Free VPN For Chrome - HavenSurf VPN',10,106,,'Browser VPN - Free and unlimited VPN proxy',20,90,,'K2VPN - Free Private Search VPN',40,119,,,,,,,
,,,,'PaladinVPN - 100% Unlimited Free VPN Proxy',10,118,,'Jego - Safe VPN Proxy',20,85,,'Miao VPN - Free Back to China VPN',40,141,,,,,,,
,,,,'uVPN',10,168,,'Anonymous VPN - WebRTC leak prevent',19,129,,'GoinCN????? - ????????????????????',39,222,,,,,,,
,,,,"'VPN unlimited, free VPN with private browsing'",10,104,,'Medium For Free',19,269,,'Stels VPN - Free & Secure proxy',39,88,,,,,,,
,,,,'???????? - Limewhale VPN 2021',10,193,,'RyoVPN',19,117,,'UPPERSAFE',39,376,,,,,,,
,,,,'BlufVPN',9,209,,'?????VPN',19,180,,'BullVPN - VPN Proxy Unlock Website & Security',36,80,,,,,,,
,,,,'Pulpy VPN - Free Secure Website Unblocker',9,133,,'CroxyProxy Free Web Proxy Lite',17,287,,'Cosmo VPN',36,87,,,,,,,
,,,,'ChatGPT for Google (No Ads)',8,177,,'2 Whats Sender',16,280,,'Text to Speech: Voice Reader TTS',35,258,,,,,,,
,,,,'VuzeVPN Proxy',8,163,,"'VPNMAX, VPN & Proxy'",16,108,,'Free OpenVPN Server Finder',34,179,,,,,,,
,,,,'WA Self Sender - Free Messages Sender',8,172,,'?????????????? Instagram',16,136,,'Ghost VPN - Free VPN for Chrome',34,74,,,,,,,
,,,,'Free VPN',7,111,,'FreyaVPN VPN Extension',15,148,,'IP Address & Geolocation',34,335,,,,,,,
,,,,'Secure VPN Unblock website - SecurityInfinity',7,191,,'HideU VPN',15,168,,'Premiumize.me',34,338,,,,,,,
,,,,'Tempo VPN - Free and unlimited vpn proxy',7,116,,'OVPN.com',15,259,,'Squid VPN - Hotspot VPN & Private Browser',34,82,,,,,,,
,,,,'Colo-A simple VPN & Proxy extension',6,196,,'Safety Web - Adblocker for Web',15,263,,'Turbo Max VPN - Fast VPN For Chrome',34,58,,,,,,,
,,,,"'FIREVPN, VPN & Proxy'",6,152,,'ChatGPT for WhatsApp',14,197,,'Muscle VPN',33,110,,,,,,,
,,,,'Magic VPN - Best Free VPN for Chrome',6,100,,'OpenAI GPT-3 For TT',14,223,,"'Guru VPN & Proxy, VPN to Unblock any sites'",32,79,,,,,,,
,,,,'Open via UCSF',6,208,,'Telleport - Best Free VPN',14,97,,'Summary with ChatGPT for Google™ and YouTube™',32,253,,,,,,,
,,,,'VPN Proxy',6,95,,'Unblocker for BBC iPlayer',14,208,,'Summary with Bing Chat for YouTube',31,221,,,,,,,
,,,,'Anonymous Button',5,186,,'ZoogVPN - Free VPN for Chrome & Proxy',14,126,,'WeVPN: Fast & Secure VPN Proxy',31,135,,,,,,,
,,,,'Aqua VPN',5,155,,'POE????????',13,164,,'SUSHI Proxy - Unlimited Japan IP Free 3 Days',30,264,,,,,,,
,,,,'Cloud free VPN',5,147,,'VPNOnline Secure VPN as unlimited proxy',13,93,,'Salesforce Dependent Picklist Matrix Export',29,262,,,,,,,
,,,,'GuardSurf - Free Unlimited VPN Proxy',5,107,,'Adblock For Youtube™ | YouApp',12,277,,'Unlimited Summary Generator for YouTube™',29,327,,,,,,,
,,,,'Tricky Craby Html5 Game',5,171,,'Browser VPN - Free Chrome VPN',12,89,,'Free VPN Proxy',28,91,,,,,,,
,,,,'1Block - Best Adblocker for Chrome',4,176,,'CactusVPN - VPN and Smart DNS services',12,111,,'Mudfish - HTTP Proxy',28,322,,,,,,,
,,,,'1ClickVPN Proxy for Chrome',4,183,,'IPBurger Proxy & VPN',12,128,,'Twork',28,361,,,,,,,
,,,,'AngelVPN - Best VPN for Privacy & Security',4,142,,'Secure Wordpress Admin for VPN',12,217,,'AdGuard VPN Beta',27,96,,,,,,,
,,,,'HideIPVPN - VPN and Smart DNS services',4,161,,'Stark VPN - Unlimited VPN Proxy',12,100,,'Freezen MateVPN Chrome',27,167,,,,,,,
,,,,'HotVPN - ????????? ????????? ??? ? ??????',4,149,,'Twitch-in-Twitch',12,249,,'Proxy1Click - Secure Proxy Service',27,370,,,,,,,
,,,,'Touch VPN',4,108,,'?????????????? Youtube',12,132,,'Emoji Keyboard 2023 - for Chrome Browser',24,256,,,,,,,
,,,,'Trust VPN',4,141,,'My Browser Vpn',11,94,,'GameEnable - Designed for Stadia™ & xCloud™',24,207,,,,,,,
,,,,'VPN.S HTTP Proxy',4,165,,'RuAvatar - YouTube by LazyHero',11,278,,'ProxyFish',24,173,,,,,,,
,,,,'WhiteProxies - Browser VPN',4,212,,'Trust.Zone VPN Proxy',11,101,,'Translate and Speak Subtitles for YouTube',24,341,,,,,,,
,,,,'AWS VPN Tab Closer',3,179,,'ValeVPN Proxy',11,142,,'WebRTC Protect - Protect IP Leak',24,319,,,,,,,
,,,,'BlancVPN — Fast and Secure Proxy',3,195,,'Where Am I? - VPN Checker',11,201,,'?????? ??????: ??????? ?????? ?? ???????',24,345,,,,,,,
,,,,'Free Vpn | Moon VPN',3,174,,"""GeoSearch: 'VPN' for Google Search""",10,122,,'Easy Sender',23,185,,,,,,,
,,,,'Free VPN For Chrome - HavenSurf VPN',3,125,,'ArcVpn Completly 100% FREE',10,211,,'IP Geo Location',23,346,,,,,,,
,,,,'IPchanger VPN: IP Proxy for Privacy & Secure',3,153,,'Expressvpn For PC -secure Vpn proxy',10,121,,'GS Helper For Google Search Google Scholar',22,160,,,,,,,
,,,,'Koch VPN',3,159,,'Free VPN For Chrome - HavenSurf VPN',10,105,,'Link VPN',22,34,,,,,,,
,,,,'Onion VPN with Speed Control',3,184,,'PaladinVPN - 100% Unlimited Free VPN Proxy',10,116,,'Turbo VPN Plus- VPN For Chrome by HornVPN',22,81,,,,,,,
,,,,'PureDome Proxy - Best VPN for Chrome',3,126,,'uVPN',10,166,,'VPN Bridge',22,38,,,,,,,
,,,,'VPN download for pc',3,117,,"'VPN unlimited, free VPN with private browsing'",10,103,,'Etsy AI Review Analysis & Download',21,351,,,,,,,
,,,,'VPN -Super Unlimited Proxy VPN for Chrome',3,92,,'???????? - Limewhale VPN 2021',10,191,,'Browser VPN - Free and unlimited VPN proxy',20,90,,,,,,,
,,,,'?????????????? Facebook',3,160,,'BlufVPN',9,206,,'ExpressVPN Keys: Password Manager',20,305,,,,,,,
,,,,'Accel VPN',2,127,,'Free Proxy List',9,267,,'Jego - Safe VPN Proxy',20,85,,,,,,,
,,,,'EasyGood - Free Unlimited VPN Proxy',2,129,,'Pulpy VPN - Free Secure Website Unblocker',9,131,,'Anonymous VPN - WebRTC leak prevent',19,129,,,,,,,
,,,,'Free VPN for Chrome - Free VPN',2,109,,'VPNRanks.com',9,240,,'Medium For Free',19,269,,,,,,,
,,,,'Guardiano VPN',2,190,,'??VPN',9,214,,'RyoVPN',19,117,,,,,,,
,,,,'HQ VPN',2,151,,'ChatGPT for Google (No Ads)',8,175,,'?????VPN',19,180,,,,,,,
,,,,'netSave: ???? ??????????? ? ????!',2,205,,'Kantoor Roulette',8,265,,'Bing AI for Chrome',18,434,,,,,,,
,,,,'netWin: ?????? ? ??????????????? ??????!',2,201,,'ProductHunt Comment Profile Scraper',8,286,,'IP Address Information by IPinfo.io',18,352,,,,,,,
,,,,'SmartyDNS - VPN and Smart DNS',2,194,,'VuzeVPN Proxy',8,161,,'TelePlus - Multi-Accounts Sender',18,384,,,,,,,
,,,,'Swisscows.VPN',2,167,,'WA Self Sender - Free Messages Sender',8,170,,'CroxyProxy Free Web Proxy Lite',17,287,,,,,,,
,,,,'VPN GLOBAL -Free VPN Extension for Windows',2,103,,'Free VPN',7,109,,'2 Whats Sender',16,280,,,,,,,
,,,,'Zenmate Gratis VPN Chrome',2,140,,'ProductHunt Follower Scraper - Prospectss.com',7,283,,'Mango Helper',16,317,,,,,,,
,,,,'Belka WebRTC: ????????????? ?????? IP',1,197,,'Secure VPN Unblock website - SecurityInfinity',7,189,,"'VPNMAX, VPN & Proxy'",16,108,,,,,,,
,,,,'Cellular VPN',1,178,,'Tempo VPN - Free and unlimited vpn proxy',7,114,,'?????????????? Instagram',16,136,,,,,,,
,,,,'Custom vpn for lixi88',1,145,,'Colo-A simple VPN & Proxy extension',6,194,,'AdLibNote: Video Downloader for Facebook™',15,344,,,,,,,
,,,,'Free Best VPN PC-Chrome-Unlimited Proxy Guide',1,139,,"'FIREVPN, VPN & Proxy'",6,150,,'FreyaVPN VPN Extension',15,148,,,,,,,
,,,,'Free VPN | Good VPN',1,148,,'Magic VPN - Best Free VPN for Chrome',6,99,,'Gmail Address Check & Send Verify Tool - OpenAI GPT-3',15,369,,,,,,,
,,,,'Free VPN For Window 10 Chrome',1,146,,'Open via UCSF',6,205,,'HideU VPN',15,168,,,,,,,
,,,,'IndiaVpn - The best free VPN for India',1,202,,'VPN Proxy',6,95,,'InstaNote: Video Downloader for Instagram™',15,343,,,,,,,
,,,,'Integrity VPN Checker',1,203,,'AdTranquility Spam Protection',5,227,,'OVPN.com',15,259,,,,,,,
,,,,"'IP Address Checker - Proxy, VPN, Geolocation'",1,213,,'Anonymous Button',5,184,,'Safety Web - Adblocker for Web',15,263,,,,,,,
,,,,'Sports VPN',1,192,,'Aqua VPN',5,153,,'ChatGPT for WhatsApp',14,197,,,,,,,
,,,,'VPN Thrive',1,185,,'Cloud free VPN',5,145,,'LeadRadar - Auto Connect For LinkedIn™',14,357,,,,,,,
,,,,'TekLan VPN',0,188,,'Surfshark Coupon: 85% Off',5,243,,'Online AntiVirus Protection',14,330,,,,,,,
,,,,'Vexel VPN',0,189,,'Tricky Craby Html5 Game',5,169,,'OpenAI GPT-3 For TT',14,223,,,,,,,
,,,,,,,,'1Block - Best Adblocker for Chrome',4,174,,'Telleport - Best Free VPN',14,97,,,,,,,
,,,,,,,,'1ClickVPN Proxy for Chrome',4,181,,'Unblocker for BBC iPlayer',14,208,,,,,,,
,,,,,,,,'AngelVPN - Best VPN for Privacy & Security',4,140,,'ZoogVPN - Free VPN for Chrome & Proxy',14,126,,,,,,,
,,,,,,,,'GoBestVPN Search Extension',4,225,,'ChatGPT for Quora',13,365,,,,,,,
,,,,,,,,'HideIPVPN - VPN and Smart DNS services',4,159,,'Gmail Notes - Add notes to email in Gmail',13,383,,,,,,,
,,,,,,,,'HotVPN - ????????? ????????? ??? ? ??????',4,147,,'My Weather',13,331,,,,,,,
,,,,,,,,"'SandVPN - Free, Fast, Unlimited VPN Proxy'",4,230,,'POE????????',13,164,,,,,,,
,,,,,,,,'Touch VPN',4,106,,'Unblocker',13,362,,,,,,,
,,,,,,,,'Trust VPN',4,139,,'VPNOnline Secure VPN as unlimited proxy',13,93,,,,,,,
,,,,,,,,'VPN.S HTTP Proxy',4,163,,'Adblock For Youtube™ | YouApp',12,277,,,,,,,
,,,,,,,,'Where Am I?',4,284,,'AWR Search Anywhere',12,348,,,,,,,
,,,,,,,,'WhiteProxies - Browser VPN',4,209,,'Browser VPN - Free Chrome VPN',12,89,,,,,,,
,,,,,,,,'AWS VPN Tab Closer',3,177,,'CactusVPN - VPN and Smart DNS services',12,111,,,,,,,
,,,,,,,,'BlancVPN — Fast and Secure Proxy',3,193,,'Cock Blocker For Omegle',12,364,,,,,,,
,,,,,,,,'Custom Cursor for Chrome™ - CUTE?',3,257,,'IPBurger Proxy & VPN',12,128,,,,,,,
,,,,,,,,'Free Vpn | Moon VPN',3,172,,'Secure Kit',12,342,,,,,,,
,,,,,,,,'Free VPN For Chrome - HavenSurf VPN',3,123,,'Secure Wordpress Admin for VPN',12,217,,,,,,,
,,,,,,,,'IPchanger VPN: IP Proxy for Privacy & Secure',3,151,,'Stark VPN - Unlimited VPN Proxy',12,100,,,,,,,
,,,,,,,,'Koch VPN',3,157,,'Twitch-in-Twitch',12,249,,,,,,,
,,,,,,,,'Onion VPN with Speed Control',3,182,,'?????????????? Youtube',12,132,,,,,,,
,,,,,,,,'PureDome Proxy - Best VPN for Chrome',3,124,,'???',12,374,,,,,,,
,,,,,,,,'VPN download for pc',3,115,,'My Browser Vpn',11,94,,,,,,,
,,,,,,,,'VPN -Super Unlimited Proxy VPN for Chrome',3,92,,'RuAvatar - YouTube by LazyHero',11,278,,,,,,,
,,,,,,,,'?????????????? Facebook',3,158,,'Trust.Zone VPN Proxy',11,101,,,,,,,
,,,,,,,,'Accel VPN',2,125,,'ValeVPN Proxy',11,142,,,,,,,
,,,,,,,,'Dokebi | Agent',2,282,,'Where Am I? - VPN Checker',11,201,,,,,,,
,,,,,,,,'EasyGood - Free Unlimited VPN Proxy',2,127,,'YouTube Comment Summary with ChatGPT OpenAI',11,358,,,,,,,
,,,,,,,,'Free VPN for Chrome - Free VPN',2,107,,"""GeoSearch: 'VPN' for Google Search""",10,122,,,,,,,
,,,,,,,,'Guardiano VPN',2,188,,'ArcVpn Completly 100% FREE',10,211,,,,,,,
,,,,,,,,'HQ VPN',2,149,,'Expressvpn For PC -secure Vpn proxy',10,121,,,,,,,
,,,,,,,,'IP Unblock',2,245,,'Free VPN For Chrome - HavenSurf VPN',10,105,,,,,,,
,,,,,,,,'netSave: ???? ??????????? ? ????!',2,202,,'IPSECVPN',10,382,,,,,,,
,,,,,,,,'netWin: ?????? ? ??????????????? ??????!',2,199,,'P2P Surf',10,391,,,,,,,
,,,,,,,,'SmartyDNS - VPN and Smart DNS',2,192,,'PaladinVPN - 100% Unlimited Free VPN Proxy',10,116,,,,,,,
,,,,,,,,'Swisscows.VPN',2,165,,'Passwarden by KeepSolid – Password Manager',10,360,,,,,,,
,,,,,,,,'Trellonet',2,216,,'uVPN',10,166,,,,,,,
,,,,,,,,'VPN GLOBAL -Free VPN Extension for Windows',2,102,,"'VPN unlimited, free VPN with private browsing'",10,103,,,,,,,
,,,,,,,,'Zenmate Gratis VPN Chrome',2,138,,'???????? - Limewhale VPN 2021',10,191,,,,,,,
,,,,,,,,'??????? Google Chrome?????',2,228,,'BlufVPN',9,206,,,,,,,
,,,,,,,,'AWS VPN Companion',1,252,,'Free Proxy List',9,267,,,,,,,
,,,,,,,,'Belka WebRTC: ????????????? ?????? IP',1,195,,'Pulpy VPN - Free Secure Website Unblocker',9,131,,,,,,,
,,,,,,,,'Cellular VPN',1,176,,'VPNRanks.com',9,240,,,,,,,
,,,,,,,,'Cifrr | Free Proxy',1,276,,'WalmartHunt-Walmart Dropshipping Tools',9,347,,,,,,,
,,,,,,,,'Custom vpn for lixi88',1,143,,'??VPN',9,214,,,,,,,
,,,,,,,,'DingoVPN',1,238,,'ChatGPT for Google (No Ads)',8,175,,,,,,,
,,,,,,,,'Free Best VPN PC-Chrome-Unlimited Proxy Guide',1,137,,'Kantoor Roulette',8,265,,,,,,,
,,,,,,,,'Free VPN | Good VPN',1,146,,'ProductHunt Comment Profile Scraper',8,286,,,,,,,
,,,,,,,,'Free VPN For Window 10 Chrome',1,144,,'VuzeVPN Proxy',8,161,,,,,,,
,,,,,,,,'FreeexpressVPN Chrome',1,220,,'WA Self Sender - Free Messages Sender',8,170,,,,,,,
,,,,,,,,'GoodNovel For PC Windows 10 New Tab',1,285,,'CDEK Forwarding',7,394,,,,,,,
,,,,,,,,'Integrity VPN Checker',1,200,,'Free VPN',7,109,,,,,,,
,,,,,,,,"'IP Address Checker - Proxy, VPN, Geolocation'",1,210,,'GuraTools',7,377,,,,,,,
,,,,,,,,'Shulex Copilot:ChatGPT E-commerce Sidebar',1,268,,'MaxiVPN - Fast and Secure Proxy Unblocker',7,349,,,,,,,
,,,,,,,,'Sports VPN',1,190,,'ProductHunt Follower Scraper - Prospectss.com',7,283,,,,,,,
,,,,,,,,'VPN Thrive',1,183,,'Secure VPN Unblock website - SecurityInfinity',7,189,,,,,,,
,,,,,,,,'??????? - HoleCN VPN 2023',1,219,,'Tempo VPN - Free and unlimited vpn proxy',7,114,,,,,,,
,,,,,,,,'Adblock for Ytube',0,275,,'Troywell - ad blocker',7,368,,,,,,,
,,,,,,,,'Cool Tech Zone - Latest Blog Update',0,250,,'AdLibNote: Ads Library Downloader Facebook™',6,359,,,,,,,
,,,,,,,,'DTProxy',0,248,,'Colo-A simple VPN & Proxy extension',6,194,,,,,,,
,,,,,,,,'IP Mate',0,281,,'Donut@Home for ZLT S10',6,354,,,,,,,
,,,,,,,,'IPBurger Proxy Manager',0,272,,'ESale - Etsy™ SEO tool for seller',6,356,,,,,,,
,,,,,,,,"'lightning VPN,free VPN for browser'",0,218,,"'FIREVPN, VPN & Proxy'",6,150,,,,,,,
,,,,,,,,'Moniteur eniKma',0,224,,'Magic VPN - Best Free VPN for Chrome',6,99,,,,,,,
,,,,,,,,'MonkorTelemed VPN Client',0,231,,'Open via UCSF',6,205,,,,,,,
,,,,,,,,'OkayVPN',0,289,,'VPN Proxy',6,95,,,,,,,
,,,,,,,,'Open Proxy VPN',0,237,,'AdTranquility Spam Protection',5,227,,,,,,,
,,,,,,,,'SafeNet - ?????? ? ??????!',0,261,,'Anime Hunter',5,400,,,,,,,
,,,,,,,,'Search Any WhatsApp Group You Want',0,274,,'Anonymous Button',5,184,,,,,,,
,,,,,,,,'Silvao VPN Free',0,229,,'Aqua VPN',5,153,,,,,,,
,,,,,,,,'TekLan VPN',0,186,,'Cloud free VPN',5,145,,,,,,,
,,,,,,,,'The VPNForPC - Latest Update News',0,273,,'Easy Exporter - Etsy™ order exporter',5,373,,,,,,,
,,,,,,,,'Vexel VPN',0,187,,'Etsy™ Reviews Extractor',5,378,,,,,,,
,,,,,,,,'VPN Tips and Guide - Blog Update',0,215,,'IP address lookup',5,380,,,,,,,
,,,,,,,,'WhatsApp Group Link Scraper',0,279,,'Sales Sort for eBay™ Advanced Search',5,353,,,,,,,
,,,,,,,,"'??VPN,????--?????????'",0,288,,'Surfshark Coupon: 85% Off',5,243,,,,,,,
,,,,,,,,'????Salmonsocks????? - ??????????',0,270,,'Tricky Craby Html5 Game',5,169,,,,,,,
,,,,,,,,,,,,'WAIX Extension',5,340,,,,,,,
,,,,,,,,,,,,'1Block - Best Adblocker for Chrome',4,174,,,,,,,
,,,,,,,,,,,,'1ClickVPN Proxy for Chrome',4,181,,,,,,,
,,,,,,,,,,,,'AngelVPN - Best VPN for Privacy & Security',4,140,,,,,,,
,,,,,,,,,,,,'ChatGPT File Upload Tool',4,363,,,,,,,
,,,,,,,,,,,,'Ecn.broker',4,396,,,,,,,
,,,,,,,,,,,,'FlashVPN',4,371,,,,,,,
,,,,,,,,,,,,'GoBestVPN Search Extension',4,225,,,,,,,
,,,,,,,,,,,,'HideIPVPN - VPN and Smart DNS services',4,159,,,,,,,
,,,,,,,,,,,,'HotVPN - ????????? ????????? ??? ? ??????',4,147,,,,,,,
,,,,,,,,,,,,'LoginTC',4,439,,,,,,,
,,,,,,,,,,,,'Naproxy',4,397,,,,,,,
,,,,,,,,,,,,'RiperVPN',4,355,,,,,,,
,,,,,,,,,,,,"'SandVPN - Free, Fast, Unlimited VPN Proxy'",4,230,,,,,,,
,,,,,,,,,,,,'Touch VPN',4,106,,,,,,,
,,,,,,,,,,,,'Trust VPN',4,139,,,,,,,
,,,,,,,,,,,,'VPN.S HTTP Proxy',4,163,,,,,,,
,,,,,,,,,,,,'Where Am I?',4,284,,,,,,,
,,,,,,,,,,,,'WhiteProxies - Browser VPN',4,209,,,,,,,
,,,,,,,,,,,,'?????',4,388,,,,,,,
,,,,,,,,,,,,'AWS VPN Tab Closer',3,177,,,,,,,
,,,,,,,,,,,,'BlancVPN — Fast and Secure Proxy',3,193,,,,,,,
,,,,,,,,,,,,'Custom Cursor for Chrome™ - CUTE?',3,257,,,,,,,
,,,,,,,,,,,,'Free Vpn | Moon VPN',3,172,,,,,,,
,,,,,,,,,,,,'Free VPN For Chrome - HavenSurf VPN',3,123,,,,,,,
,,,,,,,,,,,,'IPchanger VPN: IP Proxy for Privacy & Secure',3,151,,,,,,,
,,,,,,,,,,,,'Ivanti Secure Access Extension',3,333,,,,,,,
,,,,,,,,,,,,'Koch VPN',3,157,,,,,,,
,,,,,,,,,,,,'Onion VPN with Speed Control',3,182,,,,,,,
,,,,,,,,,,,,'PureDome Proxy - Best VPN for Chrome',3,124,,,,,,,
,,,,,,,,,,,,'QA Host Warning Tool',3,311,,,,,,,
,,,,,,,,,,,,'VPN download for pc',3,115,,,,,,,
,,,,,,,,,,,,'VPN -Super Unlimited Proxy VPN for Chrome',3,92,,,,,,,
,,,,,,,,,,,,'?????????????? Facebook',3,158,,,,,,,
,,,,,,,,,,,,'Accel VPN',2,125,,,,,,,
,,,,,,,,,,,,'Dokebi | Agent',2,282,,,,,,,
,,,,,,,,,,,,'EasyGood - Free Unlimited VPN Proxy',2,127,,,,,,,
,,,,,,,,,,,,'Free the Wiki',2,293,,,,,,,
,,,,,,,,,,,,'Free VPN for Chrome - Free VPN',2,107,,,,,,,
,,,,,,,,,,,,'Freesurf SharkVPN Chrome',2,387,,,,,,,
,,,,,,,,,,,,'Guardiano VPN',2,188,,,,,,,
,,,,,,,,,,,,'HQ VPN',2,149,,,,,,,
,,,,,,,,,,,,'IP Unblock',2,245,,,,,,,
,,,,,,,,,,,,'Jenkins Build Monitor',2,408,,,,,,,
,,,,,,,,,,,,'netSave: ???? ??????????? ? ????!',2,202,,,,,,,
,,,,,,,,,,,,'netWin: ?????? ? ??????????????? ??????!',2,199,,,,,,,
,,,,,,,,,,,,'RPNet',2,398,,,,,,,
,,,,,,,,,,,,'SmartyDNS - VPN and Smart DNS',2,192,,,,,,,
,,,,,,,,,,,,'Swisscows.VPN',2,165,,,,,,,
,,,,,,,,,,,,'TikTok Video Downloader',2,366,,,,,,,
,,,,,,,,,,,,'TikTok Video Tags Summary with ChatGPT',2,390,,,,,,,
,,,,,,,,,,,,'Trellonet',2,216,,,,,,,
,,,,,,,,,,,,'VPN GLOBAL -Free VPN Extension for Windows',2,102,,,,,,,
,,,,,,,,,,,,'Zenmate Gratis VPN Chrome',2,138,,,,,,,
,,,,,,,,,,,,'??????? Google Chrome?????',2,228,,,,,,,
,,,,,,,,,,,,'??? - ??????????',2,389,,,,,,,
,,,,,,,,,,,,'AdLibNote: Ads Library Downloader Facebook™',1,403,,,,,,,
,,,,,,,,,,,,'AWS VPN Companion',1,252,,,,,,,
,,,,,,,,,,,,'Belka WebRTC: ????????????? ?????? IP',1,195,,,,,,,
,,,,,,,,,,,,'BlufVPN',1,404,,,,,,,
,,,,,,,,,,,,'Cellular VPN',1,176,,,,,,,
,,,,,,,,,,,,'Chispaa For PC Windows 10 NT',1,297,,,,,,,
,,,,,,,,,,,,'Cifrr | Free Proxy',1,276,,,,,,,
,,,,,,,,,,,,'Custom vpn for lixi88',1,143,,,,,,,
,,,,,,,,,,,,'DingoVPN',1,238,,,,,,,
,,,,,,,,,,,,'Free Best VPN PC-Chrome-Unlimited Proxy Guide',1,137,,,,,,,
,,,,,,,,,,,,'Free VPN | Good VPN',1,146,,,,,,,
,,,,,,,,,,,,'Free VPN For Window 10 Chrome',1,144,,,,,,,
,,,,,,,,,,,,'FreeexpressVPN Chrome',1,220,,,,,,,
,,,,,,,,,,,,'GoodNovel For PC Windows 10 New Tab',1,285,,,,,,,
,,,,,,,,,,,,'Integrity VPN Checker',1,200,,,,,,,
,,,,,,,,,,,,'Intikam - unblock Wikipedia',1,410,,,,,,,
,,,,,,,,,,,,'IP & Downlink Utility',1,386,,,,,,,
,,,,,,,,,,,,"'IP Address Checker - Proxy, VPN, Geolocation'",1,210,,,,,,,
,,,,,,,,,,,,'isearch global',1,405,,,,,,,
,,,,,,,,,,,,'Keenetic Policy Switch',1,423,,,,,,,
,,,,,,,,,,,,'Lighthouse',1,321,,,,,,,
,,,,,,,,,,,,'MSI TechHub',1,325,,,,,,,
,,,,,,,,,,,,'Pastel',1,433,,,,,,,
,,,,,,,,,,,,'PIA notify',1,304,,,,,,,
,,,,,,,,,,,,'RingVPN',1,381,,,,,,,
,,,,,,,,,,,,'Secure Access Cloud',1,438,,,,,,,
,,,,,,,,,,,,'Shulex Copilot:ChatGPT E-commerce Sidebar',1,268,,,,,,,
,,,,,,,,,,,,'Sports VPN',1,190,,,,,,,
,,,,,,,,,,,,'Store Scraper',1,421,,,,,,,
,,,,,,,,,,,,'TickerIQ',1,314,,,,,,,
,,,,,,,,,,,,"'Unblocker-4, unblock your favorite websites'",1,395,,,,,,,
,,,,,,,,,,,,'VPN Thrive',1,183,,,,,,,
,,,,,,,,,,,,'VPNKS Browser Control',1,290,,,,,,,
,,,,,,,,,,,,'WinSafe - ??????? ?????? ? ??????!',1,427,,,,,,,
,,,,,,,,,,,,'YouTube Video Tags Summary with ChatGPT',1,393,,,,,,,
,,,,,,,,,,,,'??????? - HoleCN VPN 2023',1,219,,,,,,,
,,,,,,,,,,,,'12 mini battles juega en línea gratis chrome',0,320,,,,,,,
,,,,,,,,,,,,'2048 juega en línea gratis chrome',0,367,,,,,,,
,,,,,,,,,,,,'Adblock for Ytube',0,275,,,,,,,
,,,,,,,,,,,,'AI Translator',0,419,,,,,,,
,,,,,,,,,,,,'anywhere-1-click',0,409,,,,,,,
,,,,,,,,,,,,'AWS Verified Access',0,401,,,,,,,
,,,,,,,,,,,,'Basic New Tab',0,402,,,,,,,
,,,,,,,,,,,,'CakeWallet',0,416,,,,,,,
,,,,,,,,,,,,'Cool Tech Zone - Latest Blog Update',0,250,,,,,,,
,,,,,,,,,,,,'DTProxy',0,248,,,,,,,
,,,,,,,,,,,,'Exoprise Service Watch',0,440,,,,,,,
,,,,,,,,,,,,'Fast4Proxy',0,431,,,,,,,
,,,,,,,,,,,,'Force HTTPS for all traffic',0,379,,,,,,,
,,,,,,,,,,,,'Game Pulse Check',0,425,,,,,,,
,,,,,,,,,,,,'GoodNovel For PC Windows 10 New Tab',0,300,,,,,,,
,,,,,,,,,,,,'HeartbeatRM Proxy',0,406,,,,,,,
,,,,,,,,,,,,'Hide Location',0,436,,,,,,,
,,,,,,,,,,,,'IP Mate',0,281,,,,,,,
,,,,,,,,,,,,'IPBurger Proxy Manager',0,272,,,,,,,
,,,,,,,,,,,,'IPchexmex',0,420,,,,,,,
,,,,,,,,,,,,'Light',0,412,,,,,,,
,,,,,,,,,,,,'Lighting lamp',0,414,,,,,,,
,,,,,,,,,,,,"'lightning VPN,free VPN for browser'",0,218,,,,,,,
,,,,,,,,,,,,'liteTab',0,413,,,,,,,
,,,,,,,,,,,,'Moniteur eniKma',0,224,,,,,,,
,,,,,,,,,,,,'MonkorTelemed VPN Client',0,231,,,,,,,
,,,,,,,,,,,,'My IpInfo',0,424,,,,,,,
,,,,,,,,,,,,'My TV Works',0,429,,,,,,,
,,,,,,,,,,,,'NetGoLynx',0,417,,,,,,,
,,,,,,,,,,,,'NIWEB redirects for NI',0,415,,,,,,,
,,,,,,,,,,,,'OkayVPN',0,289,,,,,,,
,,,,,,,,,,,,'Open Proxy VPN',0,237,,,,,,,
,,,,,,,,,,,,'Phishing Net - Blocking Malicious Websites',0,294,,,,,,,
,,,,,,,,,,,,'Privo - Your Privacy in Your Hands',0,313,,,,,,,
,,,,,,,,,,,,'SafeNet - ?????? ? ??????!',0,261,,,,,,,
,,,,,,,,,,,,'Search Any WhatsApp Group You Want',0,274,,,,,,,
,,,,,,,,,,,,'Silvao VPN Free',0,229,,,,,,,
,,,,,,,,,,,,'Snow Mountain',0,428,,,,,,,
,,,,,,,,,,,,'Spur Context Lookup',0,418,,,,,,,
,,,,,,,,,,,,"'Ssebowa.Org | Search, chat and create with AI'",0,310,,,,,,,
,,,,,,,,,,,,'Stormcrow Override Manager (Beta)',0,437,,,,,,,
,,,,,,,,,,,,'TekLan VPN',0,186,,,,,,,
,,,,,,,,,,,,'The VPNForPC - Latest Update News',0,273,,,,,,,
,,,,,,,,,,,,'TorGuard Premium Proxy Extension',0,392,,,,,,,
,,,,,,,,,,,,'TresWallet',0,432,,,,,,,
,,,,,,,,,,,,'Useful Links for new Hires',0,296,,,,,,,
,,,,,,,,,,,,'V-CUBE Screen Share',0,407,,,,,,,
,,,,,,,,,,,,'Vexel VPN',0,187,,,,,,,
,,,,,,,,,,,,'VPN Tips and Guide - Blog Update',0,215,,,,,,,
,,,,,,,,,,,,'WeatherFlow',0,399,,,,,,,
,,,,,,,,,,,,'Web Optimizer',0,385,,,,,,,
,,,,,,,,,,,,'What is my ip',0,430,,,,,,,
,,,,,,,,,,,,'What Is My IP BEST',0,422,,,,,,,
,,,,,,,,,,,,'WhatsApp Group Link Scraper',0,279,,,,,,,
,,,,,,,,,,,,'Youtube Avatars - [RuAvatar by LazyHero]',0,292,,,,,,,
,,,,,,,,,,,,'ZJUWLAN',0,291,,,,,,,
,,,,,,,,,,,,"'??VPN,????--?????????'",0,288,,,,,,,
,,,,,,,,,,,,'????Salmonsocks????? - ??????????',0,270,,,,,,,
,,,,,,,,,,,,'????????????',0,411,,,,,,,
